job_title,company_name,skills,location,job_type,date_posted,job_url
art director,digital media management,"director, design, training, software, growth, video, cloud, strategy, exec, management, lead, marketing, health, illustrator, digital nomad",united states,nan,2026-01-06 00:02:35+00:00,https://remoteOK.com/remote-jobs/remote-art-director-digital-media-management-1129446
lead omics workflow engineer,axle,"software, assistant, lead, health, healthcare, engineer, educational",remote,nan,2026-01-06 00:02:28+00:00,https://remoteOK.com/remote-jobs/remote-lead-omics-workflow-engineer-axle-1129445
erp systems manager,disher,"manager, system, security, training, technical, support, testing, qa, financial, microsoft, leader, management, operational, engineering",remote,nan,2026-01-06 00:02:11+00:00,https://remoteOK.com/remote-jobs/remote-erp-systems-manager-disher-1129444
copy of senior ai ml engineer applied machine learning,trase systems,"senior, engineer",usa,nan,2026-01-06 00:02:04+00:00,https://remoteOK.com/remote-jobs/remote-copy-of-senior-ai-ml-engineer-applied-machine-learning-trase-systems-1129443
senior software engineer backend engineering,trase systems,"software, senior, engineer, engineering, backend",remote,nan,2026-01-06 00:01:33+00:00,https://remoteOK.com/remote-jobs/remote-senior-software-engineer-backend-engineering-trase-systems-1129442
account manager,digible,"manager, marketing, analytics, non tech",remote,nan,2026-01-06 00:01:10+00:00,https://remoteOK.com/remote-jobs/remote-account-manager-digible-1129441
senior software engineer frontend engineering,trase systems,"frontend, software, senior, engineer, engineering",remote,nan,2026-01-06 00:00:49+00:00,https://remoteOK.com/remote-jobs/remote-senior-software-engineer-frontend-engineering-trase-systems-1129440
ai developer 1551,highstreet,"developer, design, technical, support, software, test, education, cloud, microsoft, senior, operational, sales, reliability, engineering, digital nomad",united states,nan,2026-01-06 00:00:23+00:00,https://remoteOK.com/remote-jobs/remote-ai-developer-1551-highstreet-1129439
software engineer agent infrastructure,openai,"software, design, system, security, training, technical, cloud, engineer, engineering, digital nomad",nan,nan,2026-01-05 22:00:11+00:00,https://remoteOK.com/remote-jobs/remote-software-engineer-agent-infrastructure-openai-1129438
software engineer,tech solutions inc.,"software, web, engineer",san francisco,nan,2026-01-05 20:00:13+00:00,https://remoteOK.com/remote-jobs/remote-software-engineer-tech-solutions-inc-1129437
senior backend php software engineer inventory,cloudbeds,"software, saas, amazon, web, php, strategy, senior, operations, engineer, backend",minnesota,nan,2026-01-05 18:01:20+00:00,https://remoteOK.com/remote-jobs/remote-senior-backend-php-software-engineer-inventory-cloudbeds-1129436
senior backend php software engineer inventory,cloudbeds,"software, saas, amazon, web, php, strategy, senior, operations, engineer, backend",michigan,nan,2026-01-05 18:00:53+00:00,https://remoteOK.com/remote-jobs/remote-senior-backend-php-software-engineer-inventory-cloudbeds-1129435
senior backend php software engineer inventory,cloudbeds,"software, saas, amazon, web, php, strategy, senior, operations, engineer, backend",massachusetts,nan,2026-01-05 18:00:21+00:00,https://remoteOK.com/remote-jobs/remote-senior-backend-php-software-engineer-inventory-cloudbeds-1129434
associate growth marketer api,coingecko,"growth, design, cryptocurrency, support, financial, education, seo, api, leader, content, marketer, marketing, analytics, internship, digital nomad",malaysia,nan,2026-01-05 12:00:59+00:00,https://remoteOK.com/remote-jobs/remote-associate-growth-marketer-api-coingecko-1129430
site reliability engineer,bobsled,"technical, operational, analytics, reliability, engineer, engineering",us/canada,nan,2026-01-05 12:00:52+00:00,https://remoteOK.com/remote-jobs/remote-site-reliability-engineer-bobsled-1129429
video editor,interview kickstart,"system, ceo, video, leader, content, senior, engineering, educational",remote,nan,2026-01-05 11:00:24+00:00,https://remoteOK.com/remote-jobs/remote-video-editor-interview-kickstart-1129427
content marketing manager,certik,"manager, web3, security, technical, support, growth, seo, strategy, management, content, marketing, excel, sales, full-time",us / remote,nan,2026-01-05 05:00:01+00:00,https://remoteOK.com/remote-jobs/remote-content-marketing-manager-certik-1129407
head of paid search,wpromote,"security, support, growth, financial, education, investment, strategy, management, lead, content, operational, marketing, recruiting, executive","remote, united states",nan,2026-01-05 00:00:14+00:00,https://remoteOK.com/remote-jobs/remote-head-of-paid-search-wpromote-1129406
online hotel reservationist fully,destination knot,"growth, travel",new york,nan,2026-01-04 12:00:01+00:00,https://remoteOK.com/remote-jobs/remote-online-hotel-reservationist-fully-destination-knot-1129404
full stack product engineer,jiga,"senior, javascript, react, node, mongo, engineer, full stack",nan,nan,2026-01-04 09:11:39+00:00,https://remoteOK.com/remote-jobs/remote-full-stack-product-engineer-jiga-1129403
account executive,qualio,"saas, salesforce, growth, management, sales, executive",north america,nan,2026-01-03 16:00:45+00:00,https://remoteOK.com/remote-jobs/remote-account-executive-qualio-1129401
associate technical support engineer,recharge,"technical, support, engineer",remote,nan,2026-01-03 16:00:15+00:00,https://remoteOK.com/remote-jobs/remote-associate-technical-support-engineer-recharge-1129400
senior software engineer,bugcrowd,"software, design, security, cloud, api, senior, engineer, engineering, digital nomad",india,nan,2026-01-03 15:00:11+00:00,https://remoteOK.com/remote-jobs/remote-senior-software-engineer-bugcrowd-1129399
staff software engineer,malt,"software, design, technical, support, code, java, cloud, strategy, lead, senior, operational, excel, engineer, engineering, backend, digital nomad",france,nan,2026-01-03 10:00:02+00:00,https://remoteOK.com/remote-jobs/remote-staff-software-engineer-malt-1129398
espresso,espresso,nan,remote,nan,2026-01-03 09:00:06+00:00,https://remoteOK.com/remote-jobs/remote-espresso-espresso-1129397
squire,squire,nan,remote,nan,2026-01-02 16:00:21+00:00,https://remoteOK.com/remote-jobs/remote-squire-squire-1129396
coding bootcampï¹£job guaranteed,metana,"no tech background needed, job or 100% money back",nan,nan,2026-01-02 09:06:50+00:00,https://remoteOK.com/remote-jobs/remote-coding-bootcamp-job-guaranteed-metana-1129395
executive assistant operations virtual assistant,assist world,"assistant, system, consulting, founder, support, bookkeeping, financial, admin, management, operations, executive",nan,nan,2026-01-02 05:00:08+00:00,https://remoteOK.com/remote-jobs/remote-executive-assistant-operations-virtual-assistant-assist-world-1129394
marketing &amp; sponsorship coordinator,assist world,"coordinator, support, content, marketing, sales, non tech",nan,nan,2026-01-02 05:00:01+00:00,https://remoteOK.com/remote-jobs/remote-marketing-amp-sponsorship-coordinator-assist-world-1129393
staff software engineer money,galileo financial technologies,"software, finance, financial, banking, excel, analytics, engineer, engineering",new york city,nan,2026-01-01 22:00:55+00:00,https://remoteOK.com/remote-jobs/remote-staff-software-engineer-money-galileo-financial-technologies-1129390
senior cloud engineer,clickhouse,"security, architect, c, cloud, senior, engineer",united states,nan,2026-01-01 22:00:37+00:00,https://remoteOK.com/remote-jobs/remote-senior-cloud-engineer-clickhouse-1129389
regional director public sector sales dow,chainguard,"director, security, software, cloud, management, marketing, sales",washington dc,nan,2026-01-01 22:00:17+00:00,https://remoteOK.com/remote-jobs/remote-regional-director-public-sector-sales-dow-chainguard-1129388
senior staff ai software engineer,aegis ventures,"software, python, technical, growth, senior, operational, health, healthcare, engineer, backend","remote, u.s.",nan,2026-01-01 21:00:15+00:00,https://remoteOK.com/remote-jobs/remote-senior-staff-ai-software-engineer-aegis-ventures-1129387
security architect,dexterity,"security, architect, python, full-stack, docker, software, devops, c++, cloud, robotics, git, operations",redwood city,nan,2025-12-31 22:00:02+00:00,https://remoteOK.com/remote-jobs/remote-security-architect-dexterity-1129385
member of technical staff fullstack engineer,inflection ai,"technical, support, engineer, engineering, backend, fullstack",palo alto,nan,2025-12-31 08:00:42+00:00,https://remoteOK.com/remote-jobs/remote-member-of-technical-staff-fullstack-engineer-inflection-ai-1129384
staff software engineer simulation,muon space,"software, design, system, web, cloud, api, operations, engineer, engineering, digital nomad",san jose,nan,2025-12-31 08:00:18+00:00,https://remoteOK.com/remote-jobs/remote-staff-software-engineer-simulation-muon-space-1129383
software engineer networking software and services,xai,"software, support, travel, reliability, engineer, engineering",remote,nan,2025-12-30 15:00:10+00:00,https://remoteOK.com/remote-jobs/remote-software-engineer-networking-software-and-services-xai-1129382
client success executive wayforge,sbi growth,"marketing, consulting, growth, management, executive",remote,nan,2025-12-30 12:00:16+00:00,https://remoteOK.com/remote-jobs/remote-client-success-executive-wayforge-sbi-growth-1129381
wns global services,wns global services,nan,india,nan,2025-12-30 08:00:29+00:00,https://remoteOK.com/remote-jobs/remote-wns-global-services-wns-global-services-1129380
virtual operations manager,women builders council,"full time, other",nan,nan,2025-12-30 04:33:06+00:00,https://remoteOK.com/remote-jobs/remote-virtual-operations-manager-women-builders-council-1129379
client success manager coupa,crosscountry consulting,"consulting, manager, saas, support, software, growth, travel, accounting, financial, post-production, microsoft, management, lead, operational, excel, sales, health, healthcare",united states,nan,2025-12-30 00:01:40+00:00,https://remoteOK.com/remote-jobs/remote-client-success-manager-coupa-crosscountry-consulting-1129378
social media manager platform,digital media management,"manager, training, copywriting, growth, video, strategy, exec, management, content, marketing, analytics, health",united states,nan,2025-12-30 00:01:33+00:00,https://remoteOK.com/remote-jobs/remote-social-media-manager-platform-digital-media-management-1129377
it operations specialist,myfunded futures,"security, support, financial, mobile, operations",remote,nan,2025-12-30 00:01:27+00:00,https://remoteOK.com/remote-jobs/remote-it-operations-specialist-myfunded-futures-1129376
senior software engineer,chainguard,"software, design, cloud, management, senior, go, engineer, engineering, backend, digital nomad",remote,nan,2025-12-30 00:01:11+00:00,https://remoteOK.com/remote-jobs/remote-senior-software-engineer-chainguard-1129375
senior specialist senior accountant shared financial services,make-a-wish america,"accountant, accounting, financial, senior",remote,nan,2025-12-30 00:00:49+00:00,https://remoteOK.com/remote-jobs/remote-senior-specialist-senior-accountant-shared-financial-services-make-a-wish-america-1129374
senior product manager,agile six,"manager, growth, senior",united states,nan,2025-12-30 00:00:27+00:00,https://remoteOK.com/remote-jobs/remote-senior-product-manager-agile-six-1129373
senior engineering manager infrastructure,mzla technologies corporation,"manager, senior, engineering",remote canada,nan,2025-12-29 20:00:42+00:00,https://remoteOK.com/remote-jobs/remote-senior-engineering-manager-infrastructure-mzla-technologies-corporation-1129371
work from home benefits services representative,global elite texas,"security, training, architect, test, growth, financial, video, part-time","portland, maine",nan,2025-12-29 18:00:55+00:00,https://remoteOK.com/remote-jobs/remote-work-from-home-benefits-services-representative-global-elite-texas-1129370
senior infrastructure engineer,paradigm health,"security, devops, cloud, senior, medical, healthcare, engineer, engineering",remote - united states,nan,2025-12-29 18:00:31+00:00,https://remoteOK.com/remote-jobs/remote-senior-infrastructure-engineer-paradigm-health-1129369
senior software developer ii cloud,life360,"developer, software, cloud, php, mobile, senior, operations, go, backend, digital nomad","remote, canada",nan,2025-12-29 18:00:14+00:00,https://remoteOK.com/remote-jobs/remote-senior-software-developer-ii-cloud-life360-1129368
hr administrator,offshore launch,"hr, growth, payroll, administrator, operations",remote,nan,2025-12-29 16:01:31+00:00,https://remoteOK.com/remote-jobs/remote-hr-administrator-offshore-launch-1129367
product designer,ahrefs,"design, designer, technical, software, manager, lead, senior, marketing, sales, engineering, recruitment, digital nomad",remote,nan,2025-12-29 16:01:02+00:00,https://remoteOK.com/remote-jobs/remote-product-designer-ahrefs-1129366
client success manager,offshore launch,"manager, support, growth, operations, full-time",remote,nan,2025-12-29 16:00:46+00:00,https://remoteOK.com/remote-jobs/remote-client-success-manager-offshore-launch-1129365
full stack developer,microventures,"developer, laravel, senior, engineering, digital nomad",texas,nan,2025-12-29 16:00:41+00:00,https://remoteOK.com/remote-jobs/remote-full-stack-developer-microventures-1129364
sales development manager,dune,"manager, saas, crypto, technical, travel, scheme, strategy, lead, analytics, sales, go, health, engineering, part-time",london,nan,2025-12-29 16:00:27+00:00,https://remoteOK.com/remote-jobs/remote-sales-development-manager-dune-1129363
current job openings,databricks,nan,remote,nan,2025-12-29 16:00:21+00:00,https://remoteOK.com/remote-jobs/remote-current-job-openings-databricks-1129362
senior business analyst,xpansiv,"analyst, design, system, security, technical, recruiter, support, testing, manager, education, microsoft, management, lead, senior, operational, recruiting, digital nomad",remote,nan,2025-12-29 12:01:22+00:00,https://remoteOK.com/remote-jobs/remote-senior-business-analyst-xpansiv-1129361
project coordinator contract,infuse,"security, coordinator, test, manager, video, recruiting, non tech",remote,nan,2025-12-29 12:01:15+00:00,https://remoteOK.com/remote-jobs/remote-project-coordinator-contract-infuse-1129360
commercial sales engineer central,chainguard,"security, technical, support, serverless, cloud, sales, engineer",united states,nan,2025-12-29 12:00:34+00:00,https://remoteOK.com/remote-jobs/remote-commercial-sales-engineer-central-chainguard-1129359
business development manager,unlimit,"manager, crypto, support, growth, financial, fintech, strategy, recruiting, executive",nan,nan,2025-12-29 10:00:02+00:00,https://remoteOK.com/remote-jobs/remote-business-development-manager-unlimit-1129358
motion designer,alpaca,"design, crypto, designer, technical, ui, web, financial, video, investment, c, api, mobile, digital nomad",remote - north america,nan,2025-12-29 08:00:22+00:00,https://remoteOK.com/remote-jobs/remote-motion-designer-alpaca-1129357
social media content specialist,alltrails,"design, support, growth, video, education, investment, content, digital nomad",remote,nan,2025-12-29 02:00:02+00:00,https://remoteOK.com/remote-jobs/remote-social-media-content-specialist-alltrails-1129356
senior backend software engineer,teleport,"software, security, recruiter, code, education, cloud, senior, go, health, engineer, engineering, linux, backend",united states,nan,2025-12-28 16:00:02+00:00,https://remoteOK.com/remote-jobs/remote-senior-backend-software-engineer-teleport-1129355
devops software engineer energy storage,redwood materials,"software, growth, web, devops, operations, engineer",san francisco,nan,2025-12-27 20:00:16+00:00,https://remoteOK.com/remote-jobs/remote-devops-software-engineer-energy-storage-redwood-materials-1129354
business systems analyst,nasa federal credit union,"analyst, design, system, training, technical, support, software, investment, microsoft, management, junior, operational, part-time, digital nomad",remote,nan,2025-12-27 18:00:09+00:00,https://remoteOK.com/remote-jobs/remote-business-systems-analyst-nasa-federal-credit-union-1129353
customer experience associate new req,koala health,"technical, support, web, voice, medical, health, healthcare",remote,nan,2025-12-27 18:00:01+00:00,https://remoteOK.com/remote-jobs/remote-customer-experience-associate-new-req-koala-health-1129352
frontend engineer trading platform,myfunded futures,"frontend, design, test, code, financial, api, engineer, backend, digital nomad",remote,nan,2025-12-27 08:00:12+00:00,https://remoteOK.com/remote-jobs/remote-frontend-engineer-trading-platform-myfunded-futures-1129351
internal controls &amp; policy adherence testing analyst,cloudwalk,"testing, analyst, design, technical, support, test, financial, operations, operational, engineering, digital nomad",united states,nan,2025-12-27 00:01:36+00:00,https://remoteOK.com/remote-jobs/remote-internal-controls-amp-policy-adherence-testing-analyst-cloudwalk-1129350
frontend product engineer,mento,"frontend, design, growth, engineer, engineering, digital nomad",remote,nan,2025-12-27 00:01:28+00:00,https://remoteOK.com/remote-jobs/remote-frontend-product-engineer-mento-1129349
commercial p&amp;c support representative,thimble,"training, technical, support, software, sales, health",united states,nan,2025-12-27 00:01:08+00:00,https://remoteOK.com/remote-jobs/remote-commercial-pampc-support-representative-thimble-1129348
content manager,terra,"manager, design, writer, support, ux, seo, leader, strategy, lead, content, senior, marketing, health, healthcare, digital nomad",u.s.,nan,2025-12-27 00:01:00+00:00,https://remoteOK.com/remote-jobs/remote-content-manager-terra-1129347
associate clinical director oncology,private health management,"director, manager, exec, management, lead, go, medical, health, healthcare",remote,nan,2025-12-27 00:00:53+00:00,https://remoteOK.com/remote-jobs/remote-associate-clinical-director-oncology-private-health-management-1129346
recovery analyst underpayments,trend health partners,"analyst, system, software, microsoft, excel, medical, health, healthcare",remote,nan,2025-12-27 00:00:27+00:00,https://remoteOK.com/remote-jobs/remote-recovery-analyst-underpayments-trend-health-partners-1129345
cloud full stack python software engineer us,"railroad19, inc","python, software, react, technical, code, serverless, cloud, nosql, angular, health, engineer, engineering, full-time",u.s. remote,nan,2025-12-27 00:00:20+00:00,https://remoteOK.com/remote-jobs/remote-cloud-full-stack-python-software-engineer-us-railroad19-inc-1129344
customer care specialist inbound phone support,honk,"support, growth, operations, operational, sales, full-time",remote,nan,2025-12-27 00:00:13+00:00,https://remoteOK.com/remote-jobs/remote-customer-care-specialist-inbound-phone-support-honk-1129343
staff software engineer backend with close 10 years of experience,outreach,"software, design, technical, code, microsoft, senior, sales, engineer, backend, digital nomad",hyderabad,nan,2025-12-26 11:00:02+00:00,https://remoteOK.com/remote-jobs/remote-staff-software-engineer-backend-with-close-10-years-of-experience-outreach-1129341
technical program associate,givedirectly,"technical, software, financial, operations",london,nan,2025-12-26 08:00:15+00:00,https://remoteOK.com/remote-jobs/remote-technical-program-associate-givedirectly-1129340
full stack engineer contacts,calendly,"design, saas, react, front-end, technical, software, growth, web, cloud, node.js, engineer, engineering, backend, digital nomad",remote - us,nan,2025-12-25 22:00:17+00:00,https://remoteOK.com/remote-jobs/remote-full-stack-engineer-contacts-calendly-1129339
product security engineer defi,falconx,"defi, security, design, crypto, cryptocurrency, support, code, financial, finance, management, engineer, engineering, digital nomad",new york city,nan,2025-12-25 14:00:16+00:00,https://remoteOK.com/remote-jobs/remote-product-security-engineer-defi-falconx-1129337
senior frontend engineer,arize ai,"frontend, react, typescript, api, senior, junior, engineer, engineering, backend",remote,nan,2025-12-25 10:00:21+00:00,https://remoteOK.com/remote-jobs/remote-senior-frontend-engineer-arize-ai-1129336
site reliability engineer,wormhole foundation,"security, support, operational, reliability, engineer",remote,nan,2025-12-24 19:00:25+00:00,https://remoteOK.com/remote-jobs/remote-site-reliability-engineer-wormhole-foundation-1129335
product manager wallet sdks,startale,manager,remote,nan,2025-12-24 19:00:06+00:00,https://remoteOK.com/remote-jobs/remote-product-manager-wallet-sdks-startale-1129334
growth marketing manager,infstones,"growth, manager, web3, node, mobile, management, marketing, analytics, sales, full-time",texas,nan,2025-12-24 14:00:02+00:00,https://remoteOK.com/remote-jobs/remote-growth-marketing-manager-infstones-1129333
senior data engineer,nansen.ai,"crypto, software, senior, operational, analytics, engineer, engineering","remote emea, remote asia",nan,2025-12-24 09:00:49+00:00,https://remoteOK.com/remote-jobs/remote-senior-data-engineer-nansen-ai-1129332
social media manager,givedirectly,"manager, software, financial, management, operations",nairobi,nan,2025-12-24 09:00:19+00:00,https://remoteOK.com/remote-jobs/remote-social-media-manager-givedirectly-1129331
senior full stack engineer,teleport,"design, security, recruiter, support, code, voice, education, investment, typescript, senior, go, health, engineer, engineering, digital nomad",united states,nan,2025-12-24 08:00:04+00:00,https://remoteOK.com/remote-jobs/remote-senior-full-stack-engineer-teleport-1129330
project director campus action planning,campus compact,"director, students, technical, support, growth, education, investment, senior",remote - anywhere in the u.s.,nan,2025-12-24 00:00:48+00:00,https://remoteOK.com/remote-jobs/remote-project-director-campus-action-planning-campus-compact-1129329
member support specialist,disqo,"support, test, growth, lead, health",yerevan,nan,2025-12-24 00:00:24+00:00,https://remoteOK.com/remote-jobs/remote-member-support-specialist-disqo-1129328
product manager geckoterminal,coingecko,"manager, design, crypto, cryptocurrency, support, software, test, growth, voice, financial, education, leader, marketing, digital nomad",malaysia,nan,2025-12-23 14:00:38+00:00,https://remoteOK.com/remote-jobs/remote-product-manager-geckoterminal-coingecko-1129326
senior analytics engineer,alpaca,"crypto, technical, support, financial, investment, finance, c, api, senior, operations, operational, marketing, analytics, engineer, executive",remote - north america,nan,2025-12-23 14:00:31+00:00,https://remoteOK.com/remote-jobs/remote-senior-analytics-engineer-alpaca-1129325
growth marketer,bitmex,"growth, crypto, cryptocurrency, security, marketer",remote - europe,nan,2025-12-23 13:00:19+00:00,https://remoteOK.com/remote-jobs/remote-growth-marketer-bitmex-1129324
bim modeler,sanctuary,"design, system, 3d, consultant, consulting, technical, support, test, management, lead, engineering, digital nomad",new delhi,nan,2025-12-23 08:00:17+00:00,https://remoteOK.com/remote-jobs/remote-bim-modeler-sanctuary-1129323
commercial pilots ai trainer,handshake,"trainer, system, students, test, content, operational, recruiting",san francisco,nan,2025-12-23 08:00:11+00:00,https://remoteOK.com/remote-jobs/remote-commercial-pilots-ai-trainer-handshake-1129322
senior director global support,elite technology,"director, saas, embedded, system, support, financial, cloud, leader, management, senior, operations, operational, executive",us - remote,nan,2025-12-23 00:03:10+00:00,https://remoteOK.com/remote-jobs/remote-senior-director-global-support-elite-technology-1129321
medical affairs writer contract,kyverna therapeutics,"writer, management, lead, content",remote,nan,2025-12-23 00:02:52+00:00,https://remoteOK.com/remote-jobs/remote-medical-affairs-writer-contract-kyverna-therapeutics-1129320
executive director patient advocacy,kyverna therapeutics,"director, support, education, investor, strategy, lead, senior, recruitment, educational, executive",remote,nan,2025-12-23 00:02:45+00:00,https://remoteOK.com/remote-jobs/remote-executive-director-patient-advocacy-kyverna-therapeutics-1129319
manager commercial sales,cribl,"manager, security, technical, strategy, lead, operations, excel, sales",remote - united states,nan,2025-12-23 00:02:38+00:00,https://remoteOK.com/remote-jobs/remote-manager-commercial-sales-cribl-1129318
sec reporting manager,highlevel,"manager, technical, support, accounting, financial, education, investor, api, management, marketing, legal, sales",united states,nan,2025-12-23 00:02:14+00:00,https://remoteOK.com/remote-jobs/remote-sec-reporting-manager-highlevel-1129317
